Date,BRL=X,ITUB4.SA,PETR4.SA,VALE3.SA,^BVSP
2022-01-03,5.569300174713135,18.76254653930664,12.735182762145996,61.81153106689453,103922.0
2022-01-04,5.68120002746582,19.294635772705078,12.783340454101562,61.08247375488281,103514.0
2022-01-05,5.676199913024902,18.928281784057617,12.288642883300781,61.660972595214844,101006.0
2022-01-06,5.705635070800781,19.312074661254883,12.279888153076172,62.905120849609375,101561.0
2022-01-07,5.682400226593018,19.739490509033203,12.336798667907715,66.56627655029297,102719.0
2022-01-10,5.632199764251709,19.922664642333984,12.262375831604004,65.7738037109375,101945.0
2022-01-11,5.662199974060059,20.36752700805664,12.625736236572266,67.02589416503906,103779.0
2022-01-12,5.567299842834473,20.280298233032227,13.010990142822266,67.75494384765625,105686.0
2022-01-13,5.533199787139893,20.655384063720703,13.273659706115723,66.72476196289062,105530.0
2022-01-14,5.526700019836426,20.498371124267578,13.76835823059082,67.1130599975586,106928.0
2022-01-17,5.533299922943115,20.498371124267578,13.79024887084961,66.7643814086914,106692.0
2022-01-18,5.5157999992370605,20.620481491088867,13.85153579711914,68.39684295654297,106522.0
2022-01-19,5.565700054168701,20.48092269897461,13.785869598388672,69.90250396728516,108013.0
2022-01-20,5.43720006942749,20.315195083618164,13.886560440063477,68.71381378173828,109102.0
2022-01-21,5.418099880218506,20.323909759521484,13.908449172973633,67.28739929199219,108942.0
2022-01-24,5.457099914550781,20.29775047302246,13.987252235412598,66.4632568359375,107752.0
2022-01-25,5.486100196838379,21.030458450317383,14.442548751831055,66.61381530761719,109845.0
2022-01-26,5.440703868865967,21.257247924804688,14.827799797058105,66.80400848388672,111573.0
2022-01-27,5.429166793823242,21.361923217773438,14.832178115844727,66.95455932617188,112315.0
2022-01-28,5.40348482131958,21.623611450195312,14.245545387268066,66.29683685302734,111478.0
2022-01-31,5.362599849700928,22.09462547302246,14.16236686706543,64.08587646484375,112388.0
2022-02-01,5.303100109100342,22.249691009521484,14.44692611694336,67.60437774658203,113147.0
2022-02-02,5.264500141143799,21.90053939819336,14.236787796020508,67.9847640991211,112161.0
2022-02-03,5.260900020599365,22.153671264648438,14.039783477783203,67.95306396484375,111696.0
2022-02-04,5.282899856567383,22.2235050201416,14.284945487976074,69.73609161376953,112245.0
2022-02-07,5.326900005340576,22.101299285888672,14.074807167053223,71.42401123046875,111996.0
2022-02-08,5.262599945068359,22.3457088470459,13.934714317321777,72.42250061035156,112234.0
2022-02-09,5.258399963378906,21.455371856689453,13.987252235412598,72.4383544921875,112461.0
2022-02-10,5.234499931335449,21.865623474121094,14.201766014099121,74.38780975341797,113359.0
2022-02-11,5.248700141906738,23.15749168395996,14.779642105102539,72.88213348388672,113572.0
2022-02-14,5.249956130981445,23.10511016845703,14.44692611694336,72.56514739990234,113807.0
2022-02-15,5.214000225067139,23.323331832885742,14.21927547454834,70.40966796875,114660.0
2022-02-16,5.157899856567383,23.07892417907715,14.416279792785645,70.92477416992188,115181.0
2022-02-17,5.135799884796143,22.755964279174805,14.359368324279785,67.87382507324219,113528.0
2022-02-18,5.170599937438965,22.843246459960938,14.44692611694336,68.01646423339844,112768.0
2022-02-21,5.137499809265137,22.284605026245117,14.819042205810547,68.07192993164062,111725.0
2022-02-22,5.102700233459473,22.488676071166992,14.770886421203613,69.252685546875,112892.0
2022-02-23,5.05709981918335,22.17426872253418,14.981024742126465,68.52362823486328,112008.0
2022-02-24,5.008699893951416,21.79872703552246,14.617661476135254,69.3715591430664,111592.0
2022-02-25,5.122200012207031,22.244136810302734,14.884711265563965,73.1278076171875,113142.0
2022-02-28,5.15939998626709,,,,
2022-03-01,5.158400058746338,,,,
2022-03-02,5.158999919891357,21.875019073486328,15.178028106689453,78.96819305419922,115174.0
2022-03-03,5.096502780914307,21.892501831054688,14.989782333374023,79.0078125,115166.0
2022-03-04,5.030900001525879,21.56040382385254,14.985404014587402,80.80670166015625,114474.0
2022-03-07,5.06056022644043,21.097200393676758,13.92158317565918,83.26329803466797,111593.0
2022-03-08,5.110499858856201,20.89620018005371,14.210521697998047,79.61006927490234,111203.0
2022-03-09,5.058800220489502,21.936201095581055,14.254302024841309,77.51102447509766,113900.0
2022-03-10,5.011499881744385,21.95368003845215,14.753374099731445,80.0703125,113663.0
2022-03-11,5.009699821472168,21.708969116210938,14.223655700683594,79.65062713623047,111713.0
2022-03-14,5.073500156402588,22.014856338500977,13.952228546142578,75.37965393066406,109928.0
2022-03-15,5.121399879455566,21.936201095581055,13.615132331848145,73.21537017822266,108959.0
2022-03-16,5.1631999015808105,22.36443519592285,13.496930122375488,74.99288177490234,111112.0
2022-03-17,5.0738749504089355,22.853853225708008,13.137947082519531,77.6015396118164,113076.0
2022-03-18,5.039400100708008,23.01990509033203,13.400619506835938,79.07456970214844,115311.0
2022-03-21,5.0177998542785645,23.587966918945312,13.904071807861328,81.31291198730469,116155.0
2022-03-22,4.935200214385986,23.911333084106445,13.842782020568848,79.49425506591797,117272.0
2022-03-23,4.909999847412109,23.80645179748535,14.031027793884277,79.37081909179688,117457.0
2022-03-24,4.82420015335083,23.963769912719727,14.193008422851562,79.74937438964844,119053.0
2022-03-25,4.826300144195557,24.007469177246094,14.14047622680664,78.36685180664062,119081.0
2022-03-28,4.7368998527526855,23.989992141723633,13.834025382995605,78.4573745727539,118738.0
2022-03-29,4.764100074768066,24.269657135009766,14.14047622680664,77.78257751464844,120014.0
2022-03-30,4.756199836730957,24.32209014892578,14.442548751831055,78.8935317993164,120260.0
2022-03-31,4.769700050354004,24.016204833984375,14.643929481506348,78.67133331298828,119999.0
2022-04-01,4.737800121307373,24.0841121673584,14.451303482055664,79.7905044555664,121570.0
2022-04-04,4.657199859619141,23.86548614501953,14.31558895111084,80.59698486328125,121280.0
2022-04-05,4.593800067901611,23.384504318237305,14.179875373840332,78.26811218261719,118885.0
2022-04-06,4.650700092315674,23.37575912475586,14.166743278503418,79.45311737060547,118228.0
2022-04-07,4.715199947357178,23.35826301574707,14.902223587036133,79.93040466308594,118862.0
2022-04-08,4.752099990844727,23.314546585083008,14.976648330688477,78.301025390625,118322.0
2022-04-11,4.6981000900268555,23.227087020874023,14.862821578979492,77.35466003417969,116953.0
2022-04-12,4.693600177764893,22.816068649291992,14.819042205810547,76.83622741699219,116147.0
2022-04-13,4.673099994659424,22.877286911010742,15.134247779846191,76.86091613769531,116782.0
2022-04-14,4.690199851989746,23.025951385498047,14.976318359375,75.78287506103516,116182.0
2022-04-15,4.701000213623047,,,,
2022-04-18,4.7006001472473145,23.15713119506836,14.712903022766113,74.53205108642578,115687.0
2022-04-19,4.6519999504089355,22.746103286743164,15.158315658569336,72.15380096435547,115057.0
2022-04-20,4.664999961853027,22.894775390625,15.230154991149902,70.27753448486328,114344.0
2022-04-21,4.620800018310547,,,,
2022-04-22,4.620800018310547,22.448768615722656,14.636277198791504,66.20406341552734,111078.0
2022-04-25,4.795199871063232,22.36132049560547,14.420754432678223,65.07666015625,110685.0
2022-04-26,4.876200199127197,21.60049057006836,14.396807670593262,64.18790435791016,108213.0
2022-04-27,4.997799873352051,21.425588607788086,14.396807670593262,67.61949157714844,109349.0
2022-04-28,4.963600158691406,21.250686645507812,14.492593765258789,69.29002380371094,109919.0
2022-04-29,4.93779993057251,20.874649047851562,14.502174377441406,68.54116821289062,107876.0
2022-05-02,4.97130012512207,20.78507423400879,14.358491897583008,68.23668670654297,106639.0
2022-05-03,5.084700107574463,20.890090942382812,14.48780632019043,67.89105987548828,106528.0
2022-05-04,4.958099842071533,20.863840103149414,15.359469413757324,67.3232421875,108344.0
2022-05-05,4.918799877166748,20.38249969482422,15.330730438232422,66.10531616210938,105304.0
2022-05-06,5.0279998779296875,20.82008171081543,15.833613395690918,65.63626098632812,105135.0
2022-05-09,5.080399990081787,20.52252769470215,15.402571678161621,62.945289611816406,103250.0
2022-05-10,5.160900115966797,20.417503356933594,15.536674499511719,62.16352844238281,103110.0
2022-05-11,5.13129997253418,21.10013198852539,16.07787322998047,64.75572967529297,104397.0
2022-05-12,5.134252071380615,21.43268394470215,16.202396392822266,64.10562896728516,105688.0
2022-05-13,5.133399963378906,21.686491012573242,16.413129806518555,64.03155517578125,106924.0
2022-05-16,5.058300018310547,21.914030075073242,16.575965881347656,65.94896697998047,108233.0
2022-05-17,5.059700012207031,22.106563568115234,16.360445022583008,65.6691665649414,108789.0
2022-05-18,4.9380998611450195,21.7915096282959,16.092241287231445,64.00686645507812,106247.0
2022-05-19,4.96750020980835,21.721498489379883,16.365230560302734,65.71031951904297,107005.0
2022-05-20,4.929999828338623,21.99279022216797,16.681331634521484,66.87064361572266,108488.0
2022-05-23,4.880199909210205,22.561656951904297,17.337472915649414,68.23668670654297,110346.0
2022-05-24,4.813499927520752,22.902965545654297,16.865398406982422,69.15835571289062,110581.0
2022-05-25,4.817800045013428,22.491640090942383,17.10556983947754,69.37232971191406,110580.0
2022-05-26,4.822800159454346,22.771692276000977,17.148263931274414,69.3311767578125,111890.0
2022-05-27,4.768199920654297,22.894207000732422,16.331680297851562,70.5408706665039,111942.0
2022-05-30,4.729599952697754,22.684173583984375,16.006114959716797,71.30619049072266,111032.0
2022-05-31,4.752399921417236,22.894207000732422,16.043476104736328,70.94409942626953,111351.0
2022-06-01,4.730400085449219,22.57688331604004,16.022127151489258,72.6146240234375,111360.0
2022-06-02,4.815499782562256,22.6732177734375,15.883360862731934,73.9806900024414,112393.0
2022-06-03,4.7957000732421875,22.463037490844727,16.160892486572266,72.79568481445312,111102.0
2022-06-06,4.775000095367432,22.384218215942383,16.171567916870117,72.86974334716797,110186.0
2022-06-07,4.7941999435424805,22.384218215942383,16.363704681396484,74.57318878173828,110070.0
2022-06-08,4.867526054382324,21.955097198486328,16.283645629882812,72.00566864013672,108368.0
2022-06-09,4.898099899291992,21.578523635864258,16.048812866210938,69.56982421875,107094.0
2022-06-10,4.903299808502197,21.105619430541992,15.824651718139648,69.58627319335938,105481.0
2022-06-13,4.984000205993652,20.851654052734375,15.621840476989746,67.38084411621094,102598.0
2022-06-14,5.113399982452393,20.711528778076172,15.797965049743652,67.24918365478516,102063.0
2022-06-15,5.116099834442139,20.799102783203125,15.520434379577637,67.20804595947266,102807.0
2022-06-16,5.052000045776367,,,,
2022-06-17,5.052199840545654,20.53638458251953,14.575759887695312,63.702396392822266,99825.0
2022-06-20,5.152100086212158,21.42964744567871,14.741212844848633,62.130611419677734,99853.0
2022-06-21,5.18720006942749,21.201953887939453,14.44766616821289,62.54206848144531,99685.0
2022-06-22,5.122799873352051,21.044322967529297,14.40496826171875,62.00715637207031,99522.0
2022-06-23,5.193600177764893,20.562650680541992,14.138113021850586,59.7441291809082,98080.0
2022-06-24,5.23799991607666,20.52762222290039,14.03136920928955,61.40643310546875,98672.0
2022-06-27,5.241399765014648,20.650222778320312,14.933347702026367,64.22906494140625,100764.0
2022-06-28,5.236800193786621,20.42253303527832,15.120149612426758,65.38114929199219,100591.0
2022-06-29,5.266600131988525,20.212356567382812,14.986717224121094,64.83802032470703,99622.0
2022-06-30,5.1809000968933105,19.853296279907227,14.90666389465332,63.00291061401367,98542.0
2022-07-01,5.251999855041504,20.02652359008789,15.22689151763916,61.80144119262695,98954.0
2022-07-04,5.330999851226807,19.833707809448242,15.552456855773926,61.44758224487305,98609.0
2022-07-05,5.3282999992370605,19.97393226623535,14.960030555725098,61.143096923828125,98295.0
2022-07-06,5.385200023651123,19.78989028930664,14.76789665222168,61.719154357910156,98719.0
2022-07-07,5.427999973297119,20.07033920288086,15.200203895568848,63.513118743896484,100730.0
2022-07-08,5.338200092315674,20.079111099243164,15.370994567871094,62.04831314086914,100289.0
2022-07-11,5.254000186920166,19.754823684692383,15.296274185180664,59.933406829833984,98212.0
2022-07-12,5.377200126647949,19.71100425720215,15.066776275634766,60.11445617675781,98271.0
2022-07-13,5.436500072479248,19.632125854492188,15.077451705932617,59.90871810913086,97881.0
2022-07-14,5.390900135040283,19.41301918029785,14.671826362609863,55.91754150390625,96121.0
2022-07-15,5.422800064086914,19.76358413696289,14.922673225402832,56.263179779052734,96551.0
2022-07-18,5.410099983215332,20.02652359008789,15.264249801635742,56.559425354003906,96916.0
2022-07-19,5.436800003051758,20.70137596130371,15.573805809020996,56.682861328125,98245.0
2022-07-20,5.413099765777588,20.438446044921875,15.568467140197754,55.45670700073242,98287.0
2022-07-21,5.470200061798096,20.60496711730957,15.488409996032715,56.42775344848633,99033.0
2022-07-22,5.497799873352051,20.385862350463867,15.653861045837402,56.95442581176758,98925.0
2022-07-25,5.496699810028076,20.6838436126709,16.385053634643555,58.00776290893555,100270.0
2022-07-26,5.356299877166748,20.56990623474121,16.550504684448242,57.900787353515625,99772.0
2022-07-27,5.350100040435791,20.640024185180664,16.73196792602539,58.03245544433594,101438.0
2022-07-28,5.243000030517578,20.771488189697266,17.233661651611328,58.1723518371582,102597.0
2022-07-29,5.182700157165527,20.70137596130371,18.22637176513672,57.398799896240234,103165.0
2022-08-01,5.171199798583984,20.58529281616211,17.97552490234375,56.0245246887207,102225.0
2022-08-02,5.184000015258789,20.804563522338867,18.05558204650879,57.81026077270508,103362.0
2022-08-03,5.277699947357178,20.95366668701172,18.066255569458008,55.563690185546875,103775.0
2022-08-04,5.282700061798096,21.462379455566406,18.258392333984375,55.24275207519531,105892.0
2022-08-05,5.211100101470947,21.865848541259766,18.61064338684082,55.95868682861328,106472.0
2022-08-08,5.164599895477295,22.13774299621582,19.549983978271484,56.43598937988281,108402.0
2022-08-09,5.110099792480469,22.716617584228516,19.870210647583008,57.60453796386719,108651.0
2022-08-10,5.123700141906738,23.137622833251953,19.806167602539062,57.645687103271484,110236.0
2022-08-11,5.093699932098389,23.172706604003906,19.347171783447266,59.65360641479492,109718.0
2022-08-12,5.1570000648498535,23.45337677001953,20.738874435424805,60.4171028137207,112764.0
2022-08-15,5.074900150299072,23.655107498168945,20.745412826538086,59.11874008178711,113032.0
2022-08-16,5.095600128173828,23.927005767822266,20.935075759887695,60.43440628051758,113512.0
2022-08-17,5.1417388916015625,23.9883975982666,21.42559242248535,59.05815124511719,113708.0
2022-08-18,5.164999961853027,23.918237686157227,21.85724449157715,58.61670684814453,113813.0
2022-08-19,5.166999816894531,23.631267547607422,20.751955032348633,57.958866119384766,111496.0
2022-08-22,5.168399810791016,23.36515235900879,21.196687698364258,57.11060333251953,110501.0
2022-08-23,5.156099796295166,23.427244186401367,21.870325088500977,60.77198028564453,112857.0
2022-08-24,5.103499889373779,23.52482032775879,22.001129150390625,58.81578063964844,112898.0
2022-08-25,5.110099792480469,23.817546844482422,21.76568031311035,59.958343505859375,113532.0
2022-08-26,5.108699798583984,23.67562484741211,22.001129150390625,59.05815124511719,112299.0
2022-08-29,5.0625,23.59578514099121,22.550498962402344,57.915592193603516,112323.0
2022-08-30,5.027200222015381,23.48933982849121,21.209768295288086,56.23637008666992,110431.0
2022-08-31,5.1219000816345215,22.895008087158203,21.73297882080078,55.829551696777344,109523.0
2022-09-01,5.181700229644775,23.247989654541016,22.138473510742188,55.301551818847656,110405.0
2022-09-02,5.2403998374938965,23.56755256652832,21.85724449157715,54.461944580078125,110864.0
2022-09-05,5.171000003814697,23.94925308227539,21.804922103881836,56.452762603759766,112203.0
2022-09-06,5.153900146484375,23.727333068847656,20.993942260742188,55.11112594604492,109764.0
2022-09-07,5.247200012207031,,,,
2022-09-08,5.246699810028076,23.55867576599121,20.79773712158203,55.83821487426758,109916.0
2022-09-09,5.2133002281188965,23.745084762573242,20.791196823120117,60.200706481933594,112300.0
2022-09-12,5.146299839019775,24.03801918029785,20.588449478149414,60.72870635986328,113407.0
2022-09-13,5.0920000076293945,23.789464950561523,20.045616149902344,59.0754508972168,110794.0
2022-09-14,5.189799785614014,23.700698852539062,20.35300636291504,57.99348449707031,110547.0
2022-09-15,5.162700176239014,23.762832641601562,20.313764572143555,59.16202163696289,109954.0
2022-09-16,5.246099948883057,23.68294906616211,20.13064193725586,59.0754508972168,109280.0
2022-09-19,5.250699996948242,24.57061195373535,20.451108932495117,60.98837661743164,111824.0
2022-09-20,5.170899868011475,25.387266159057617,20.333385467529297,60.11415481567383,112517.0
2022-09-21,5.141499996185303,25.120967864990234,20.38570785522461,59.248565673828125,111936.0
2022-09-22,5.170400142669678,25.626934051513672,20.889299392700195,60.60751724243164,114070.0
2022-09-23,5.115499973297119,25.120967864990234,19.581268310546875,59.35243606567383,111716.0
2022-09-26,5.258800029754639,24.579490661621094,19.15615463256836,59.482276916503906,109114.0
2022-09-27,5.389400005340576,24.437469482421875,19.404680252075195,58.59939193725586,108376.0
2022-09-28,5.3780999183654785,24.428585052490234,19.143070220947266,59.153358459472656,108451.0
2022-09-29,5.374199867248535,24.792530059814453,19.169233322143555,59.231266021728516,107664.0
2022-09-30,5.396200180053711,24.907928466796875,19.489702224731445,62.35599136352539,110037.0
2022-10-03,5.414299964904785,26.424705505371094,21.046266555786133,64.0525131225586,116134.0
2022-10-04,5.16349983215332,26.4691219329834,20.516511917114258,65.60188293457031,116230.0
2022-10-05,5.17579984664917,26.4691219329834,21.28824806213379,66.6146011352539,117198.0
2022-10-06,5.195199966430664,25.98947525024414,22.01420783996582,65.1171646118164,117561.0
2022-10-07,5.220099925994873,26.042766571044922,21.994586944580078,65.35952758789062,116375.0
2022-10-10,5.198400020599365,25.767423629760742,21.746061325073242,64.04386138916016,115941.0
2022-10-11,5.186800003051758,25.58977508544922,21.582555770874023,63.61106872558594,114827.0
2022-10-12,5.292099952697754,,,,
2022-10-13,5.291500091552734,25.438772201538086,22.197330474853516,62.47716522216797,114300.0
2022-10-14,5.259799957275391,25.44765853881836,21.85724449157715,60.44307327270508,112072.0
2022-10-17,5.327400207519531,25.651947021484375,21.837623596191406,61.39520263671875,113624.0
2022-10-18,5.2773590087890625,26.282583236694336,22.373916625976562,62.2867431640625,115743.0
2022-10-19,5.239799976348877,26.291471481323242,23.165273666381836,61.550987243652344,116274.0
2022-10-20,5.269199848175049,26.700056076049805,23.85199737548828,62.33866882324219,117171.0
2022-10-21,5.216599941253662,27.58827781677246,24.669517517089844,64.16502380371094,119929.0
2022-10-24,5.163400173187256,26.335886001586914,22.400075912475586,62.260765075683594,116013.0
2022-10-25,5.30620002746582,26.122705459594727,21.92918586730957,62.260765075683594,114626.0
2022-10-26,5.315199851989746,25.563125610351562,21.392894744873047,63.64569854736328,112764.0
2022-10-27,5.383900165557861,26.03388786315918,21.556394577026367,61.37788391113281,114641.0
2022-10-28,5.339200019836426,26.23817253112793,21.301328659057617,58.38299560546875,114539.0
2022-10-31,5.28849983215332,27.002052307128906,19.496240615844727,58.106014251708984,116037.0
2022-11-01,5.178800106048584,27.071060180664062,19.52894401550293,59.87178421020508,116929.0
2022-11-02,5.142399787902832,,,,
2022-11-03,5.142600059509277,26.87553596496582,19.587804794311523,58.123321533203125,116896.0
2022-11-04,5.1149001121521,26.973302841186523,18.508678436279297,62.537750244140625,118155.0
2022-11-07,5.078132152557373,26.360069274902344,17.75655746459961,62.20884704589844,115342.0
2022-11-08,5.153326988220215,26.28008270263672,17.887365341186523,64.09579467773438,116160.0
2022-11-09,5.14300012588501,25.018068313598633,17.593053817749023,63.31678009033203,113580.0
2022-11-10,5.185200214385986,24.54704475402832,17.082923889160156,64.52857971191406,109775.0
2022-11-11,5.341579914093018,23.75605583190918,17.651914596557617,71.23678588867188,112253.0
2022-11-14,5.279058933258057,23.684959411621094,18.116268157958984,72.11101531982422,113161.0
2022-11-15,5.331200122833252,,,,
2022-11-16,5.331699848175049,23.34723663330078,17.75655746459961,71.35796356201172,110243.0
2022-11-17,5.39900016784668,23.48943519592285,17.763099670410156,71.92922973632812,109703.0
2022-11-18,5.422100067138672,23.676067352294922,17.462251663208008,69.96438598632812,108880.0
2022-11-21,5.38129997253418,23.747169494628906,17.514572143554688,69.17671203613281,109748.0
2022-11-22,5.318600177764893,23.356124877929688,16.324167251586914,69.36714172363281,109037.0
2022-11-23,5.357699871063232,23.116167068481445,16.401132583618164,70.05094146728516,108683.0
2022-11-24,5.35830020904541,23.94269561767578,16.9678955078125,70.50103759765625,111831.0
2022-11-25,5.320000171661377,23.098386764526367,16.695011138916016,70.02497100830078,108977.0
2022-11-28,5.4085001945495605,22.680681228637695,17.044864654541016,70.37120819091797,108782.0
2022-11-29,5.364699840545654,22.876201629638672,17.75856590270996,73.089111328125,110910.0
2022-11-30,5.268199920654297,23.107275009155273,18.654190063476562,74.18839263916016,112486.0
2022-12-01,5.181589126586914,23.10518455505371,17.905506134033203,74.59520721435547,110926.0
2022-12-02,5.183599948883057,23.416460037231445,18.12940788269043,75.13186645507812,111924.0
2022-12-05,5.2179999351501465,22.731660842895508,17.926494598388672,75.053955078125,109401.0
2022-12-06,5.28000020980835,23.256372451782227,17.940486907958984,76.14458465576172,109533.0
2022-12-07,5.234000205993652,23.087400436401367,17.737573623657227,73.43533325195312,109361.0
2022-12-08,5.203999996185303,22.27809715270996,17.338741302490234,74.33553314208984,107245.0
2022-12-09,5.224299907684326,22.06603240966797,17.28976058959961,76.81107330322266,107689.0
2022-12-12,5.235000133514404,21.85744285583496,16.729995727539062,74.51730346679688,105264.0
2022-12-13,5.321300029754639,21.032114028930664,16.317169189453125,74.83172607421875,103892.0
2022-12-14,5.292799949645996,21.122806549072266,15.022710800170898,75.46573638916016,103803.0
2022-12-15,5.277200222015381,21.24071502685547,15.421545028686523,75.70892333984375,103738.0
2022-12-16,5.311800003051758,21.476516723632812,15.428540229797363,74.41483306884766,102825.0
2022-12-19,5.306509017944336,22.120445251464844,15.659441947937012,74.14559173583984,104530.0
2022-12-20,5.291600227355957,22.356260299682617,16.142242431640625,74.47562408447266,106979.0
2022-12-21,5.198400020599365,22.446949005126953,16.492095947265625,74.90119171142578,107313.0
2022-12-22,5.199900150299072,22.49229621887207,16.785972595214844,74.47562408447266,107317.0
2022-12-23,5.165599822998047,22.846012115478516,17.57663917541504,74.9706802368164,109698.0
2022-12-26,5.164299964904785,22.39253044128418,17.450695037841797,75.65681457519531,108738.0
2022-12-27,5.21750020980835,22.265560150146484,17.56964683532715,77.46334075927734,108347.0
2022-12-28,5.292300224304199,22.71903419494629,17.35273551940918,77.28963470458984,110237.0
2022-12-29,5.2667999267578125,22.673690795898438,17.142824172973633,77.19408416748047,110031.0
2022-12-30,5.284599781036377,,,,
2023-01-02,5.2855000495910645,22.22683334350586,16.03728485107422,77.6457290649414,106376.0
2023-01-03,5.360130786895752,21.763965606689453,15.63145923614502,77.50675964355469,104166.0
2023-01-04,5.478499889373779,21.827497482299805,16.128246307373047,77.6457290649414,105334.0
2023-01-05,5.430099964141846,22.508188247680664,16.70900535583496,78.9485092163086,107518.0
2023-01-06,5.349800109863281,22.898448944091797,16.611045837402344,80.19917297363281,108836.0
2023-01-09,5.224400043487549,23.06182289123535,16.702009201049805,80.2860336303711,109227.0
2023-01-10,5.253699779510498,23.506532669067383,16.855945587158203,81.2761459350586,110912.0
2023-01-11,5.198299884796143,23.91495132446289,16.988887786865234,80.9895248413086,111763.0
2023-01-12,5.1585001945495605,23.579143524169922,17.23378562927246,81.41510009765625,111877.0
2023-01-13,5.107699871063232,23.461158752441406,17.191801071166992,81.48458862304688,110916.0
2023-01-16,5.080699920654297,23.20703125,16.82095718383789,80.12100982666016,109213.0
2023-01-17,5.145999908447266,23.68805694580078,17.856523513793945,80.01678466796875,111439.0
2023-01-18,5.099599838256836,24.114622116088867,17.541658401489258,81.06768798828125,112452.0
2023-01-19,5.185299873352051,24.114622116088867,18.11541748046875,81.41510009765625,113006.0
2023-01-20,5.172999858856201,23.68805694580078,18.451278686523438,81.63223266601562,112301.0
2023-01-23,5.206299781799316,22.961986541748047,18.74515151977539,81.90147399902344,111709.0
2023-01-24,5.205900192260742,23.170724868774414,18.612207412719727,82.77000427246094,113028.0
2023-01-25,5.138400077819824,23.252412796020508,18.850107192993164,83.5516586303711,114195.0
2023-01-26,5.072199821472168,23.11627197265625,18.367311477661133,85.11500549316406,114109.0
2023-01-27,5.062745094299316,22.626176834106445,17.926494598388672,82.78736114501953,112502.0
2023-01-30,5.1072001457214355,22.635255813598633,18.017459869384766,82.49207305908203,111888.0
2023-01-31,5.1149001121521,22.98921012878418,18.241363525390625,82.0838623046875,113532.0
2023-02-01,5.072199821472168,22.687355041503906,17.98946762084961,81.17192077636719,112303.0
2023-02-02,5.053500175476074,22.896257400512695,17.156816482543945,77.41990661621094,109935.0
2023-02-03,5.049200057983398,22.814516067504883,17.34573745727539,77.25489044189453,108490.0
2023-02-06,5.149799823760986,22.823593139648438,18.038448333740234,76.29083251953125,108456.0
2023-02-07,5.145699977874756,22.29682731628418,17.926494598388672,76.7945785522461,107920.0
2023-02-08,5.2093000411987305,24.140518188476562,18.22736930847168,77.05513000488281,109882.0
2023-02-09,5.19950008392334,23.54109001159668,18.143402099609375,76.76852416992188,107783.0
2023-02-10,5.2895002365112305,23.432104110717773,18.6961727142334,75.3875732421875,108150.0
2023-02-13,5.213482856750488,24.258583068847656,18.75214958190918,75.30939483642578,108846.0
2023-02-14,5.158400058746338,23.958871841430664,18.682180404663086,75.64813232421875,107659.0
2023-02-15,5.191500186920166,24.313077926635742,18.710166931152344,77.29830932617188,109442.0
2023-02-16,5.2179999351501465,24.494728088378906,18.78713607788086,77.46334075927734,109905.0
2023-02-17,5.216800212860107,24.41298484802246,18.500255584716797,76.45584869384766,109303.0
2023-02-20,5.165168762207031,,,,
2023-02-21,5.1666998863220215,,,,
2023-02-22,5.166500091552734,23.958871841430664,18.02445411682129,75.87393188476562,107152.0
2023-02-23,5.151199817657471,24.049694061279297,18.57722282409668,75.51783752441406,107720.0
2023-02-24,5.136199951171875,23.314037322998047,18.122413635253906,73.85897827148438,105873.0
2023-02-27,5.207799911499023,23.01432228088379,18.29734230041504,73.85897827148438,105711.0
2023-02-28,5.199699878692627,23.0960636138916,17.66060447692871,74.10216522216797,104932.0
2023-03-01,5.235899925231934,22.721302032470703,17.70258903503418,77.47201538085938,104385.0
2023-03-02,5.178299903869629,21.976041793823242,17.240781784057617,77.29830932617188,103326.0
2023-03-03,5.1996002197265625,22.003305435180664,17.982471466064453,77.55887603759766,103866.0
2023-03-06,5.194399833679199,22.503175735473633,18.164396286010742,74.82303619384766,104700.0
2023-03-07,5.152200222015381,22.566791534423828,17.562646865844727,74.11083984375,104228.0
2023-03-08,5.190000057220459,22.848533630371094,17.78655433654785,74.78829193115234,106540.0
2023-03-09,5.144400119781494,22.412288665771484,17.709585189819336,73.8068618774414,105071.0
2023-03-10,5.163700103759766,21.87606430053711,17.478683471679688,73.56367492675781,103618.0
2023-03-13,5.21560001373291,21.612499237060547,16.925914764404297,73.86766815185547,103121.0
2023-03-14,5.245699882507324,21.539791107177734,16.62504005432129,74.54014587402344,102932.0
2023-03-15,5.251699924468994,21.485261917114258,16.33116340637207,72.29452514648438,102675.0
2023-03-16,5.287099838256836,21.8397159576416,16.27518653869629,72.56080627441406,103435.0
2023-03-17,5.229599952697754,21.21260643005371,16.450115203857422,73.43064880371094,101982.0
2023-03-20,5.2778000831604,21.26713752746582,16.04428482055664,74.03421783447266,100923.0
2023-03-21,5.2357001304626465,21.703388214111328,16.373146057128906,73.41289520263672,100998.0
2023-03-22,5.240900039672852,21.576141357421875,16.324167251586914,72.49868774414062,100221.0
2023-03-23,5.236100196838379,21.039918899536133,15.953322410583496,70.63472747802734,97926.0
2023-03-24,5.2967000007629395,21.345111846923828,15.946325302124023,69.82701873779297,98829.0
2023-03-27,5.245100021362305,21.71281623840332,16.21921157836914,69.71163177490234,99670.0
2023-03-28,5.1971001625061035,21.813934326171875,16.50609016418457,70.4483413696289,101185.0
2023-03-29,5.164400100708008,22.025360107421875,16.722999572753906,71.46019744873047,101793.0
2023-03-30,5.134200096130371,22.6320743560791,16.7719783782959,72.62293243408203,103713.0
2023-03-31,5.092700004577637,22.742382049560547,16.408130645751953,71.2649154663086,101882.0
2023-04-03,5.062300205230713,22.10548210144043,17.135826110839844,71.28267669677734,101506.0
2023-04-04,5.0630998611450195,22.547040939331055,16.981891632080078,69.26782989501953,101869.0
2023-04-05,5.070700168609619,22.528640747070312,17.03786849975586,68.24710845947266,100978.0
2023-04-06,5.033199787139893,22.455045700073242,16.79296875,68.12284851074219,100822.0
2023-04-07,5.058300018310547,,,,
2023-04-10,5.0543999671936035,22.6942195892334,17.149818420410156,69.43648529052734,101847.0
2023-04-11,5.065299987792969,23.43015480041504,17.954483032226562,73.10224914550781,106214.0
2023-04-12,5.004000186920166,23.586538314819336,18.08742904663086,71.54006958007812,106890.0
2023-04-13,4.916900157928467,23.586538314819336,18.2133731842041,70.57260131835938,106458.0
2023-04-14,4.926700115203857,23.926912307739258,18.40229606628418,69.95127868652344,106279.0
2023-04-17,4.908699989318848,23.880908966064453,18.68917465209961,69.116943359375,106016.0
2023-04-18,4.939799785614014,23.862510681152344,19.16497802734375,69.71163177490234,106163.0
2023-04-19,4.984300136566162,23.485347747802734,18.54923439025879,67.67904663085938,103913.0
2023-04-20,5.0742998123168945,23.54974365234375,18.675180435180664,66.26777648925781,104367.0
2023-04-21,5.047699928283691,,,,
2023-04-24,5.047900199890137,23.338165283203125,19.032033920288086,63.87126922607422,103947.0
2023-04-25,5.033400058746338,23.54974365234375,18.955062866210938,62.13157653808594,103220.0
2023-04-26,5.053100109100342,23.310569763183594,18.717164993286133,62.3712272644043,102312.0
2023-04-27,5.043000221252441,23.724529266357422,18.262353897094727,63.693748474121094,102923.0
2023-04-28,4.976200103759766,23.844114303588867,18.680227279663086,64.26180267333984,104432.0
2023-05-01,4.986000061035156,,,,
2023-05-02,4.9878997802734375,22.921411514282227,17.92355728149414,61.72328567504883,101927.0
2023-05-03,5.038400173187256,22.884592056274414,17.860502243041992,61.243988037109375,101797.0
2023-05-04,4.9944000244140625,23.06869888305664,18.144254684448242,59.34453201293945,102174.0
2023-05-05,4.982600212097168,23.92479705810547,18.916685104370117,61.27948760986328,105148.0
2023-05-08,4.951700210571289,24.256193161010742,19.31866455078125,62.10495376586914,106042.0
2023-05-09,5.007999897003174,24.40348243713379,19.3817195892334,62.744022369384766,107114.0
2023-05-10,4.985899925231934,24.762489318847656,19.334428787231445,61.56351852416992,107448.0
2023-05-11,4.94290018081665,25.0018310546875,20.04380226135254,60.36526870727539,108256.0
2023-05-12,4.929500102996826,24.771692276000977,20.690126419067383,60.42739486694336,108464.0
2023-05-15,4.920199871063232,24.86374855041504,20.225088119506836,61.297237396240234,109029.0
2023-05-16,4.887899875640869,24.780895233154297,20.729534149169922,60.03685760498047,108194.0
2023-05-17,4.9394001960754395,25.02944564819336,20.225088119506836,62.02507019042969,109460.0
2023-05-18,4.937699794769287,24.93739128112793,20.343318939208984,62.11383056640625,110108.0
2023-05-19,4.964399814605713,24.734872817993164,20.311792373657227,61.43037796020508,110745.0
2023-05-22,4.996799945831299,24.265398025512695,20.193559646606445,60.44514083862305,110213.0
2023-05-23,4.966100215911865,24.458711624145508,20.690126419067383,59.07825469970703,109929.0
2023-05-24,4.971199989318848,24.320627212524414,21.005403518676758,57.73799133300781,108800.0
2023-05-25,4.958600044250488,25.08467674255371,20.847763061523438,57.56047058105469,110054.0
2023-05-26,5.035200119018555,24.891366958618164,21.123632431030273,58.874107360839844,110906.0
2023-05-29,4.992800235748291,24.780895233154297,21.036930084228516,58.43031311035156,110333.0
2023-05-30,5.018099784851074,24.43109893798828,20.800474166870117,57.05453872680664,108967.0
2023-05-31,5.034800052642822,24.237781524658203,20.587661743164062,56.63737487792969,108335.0
2023-06-01,5.054800033569336,24.594867706298828,21.24974250793457,57.835628509521484,110565.0
2023-06-02,5.0131001472473145,24.954120635986328,21.423147201538086,60.303138732910156,112558.0
2023-06-05,4.956600189208984,25.009389877319336,21.651721954345703,59.80607986450195,112696.0
2023-06-06,4.925600051879883,25.184412002563477,22.108877182006836,60.00135803222656,114610.0
2023-06-07,4.9120001792907715,25.258102416992188,22.755197525024414,60.95107650756836,115488.0
2023-06-08,4.922399997711182,,,,
2023-06-09,4.922100067138672,25.608137130737305,23.866552352905273,60.67591857910156,117019.0
2023-06-12,4.877900123596191,25.331789016723633,24.28429412841797,59.57530975341797,117336.0
2023-06-13,4.860599994659424,25.61734962463379,24.236909866333008,60.205501556396484,116743.0
2023-06-14,4.861000061035156,25.967388153076172,25.27827262878418,61.26173400878906,119069.0
2023-06-15,4.815000057220459,26.308218002319336,24.682010650634766,61.74103546142578,119221.0
2023-06-16,4.809199810028076,26.391122817993164,24.891958236694336,61.83867263793945,118758.0
2023-06-19,4.807000160217285,26.7503719329834,25.547014236450195,61.599021911621094,119858.0
2023-06-20,4.776899814605713,26.737640380859375,25.672983169555664,60.01022720336914,119622.0
2023-06-21,4.789299964904785,26.997943878173828,26.747941970825195,59.40666580200195,120420.0
2023-06-22,4.76230001449585,26.737640380859375,26.412017822265625,59.08713150024414,118934.0
2023-06-23,4.7697367668151855,26.65396499633789,25.32866096496582,58.49244689941406,118977.0
2023-06-26,4.7855000495910645,26.616775512695312,25.89973258972168,58.6167106628418,118243.0
2023-06-27,4.767300128936768,26.319284439086914,25.698179244995117,59.317909240722656,117523.0
2023-06-28,4.810500144958496,26.170530319213867,25.941722869873047,57.44508743286133,116681.0
2023-06-29,4.850500106811523,26.486621856689453,26.059297561645508,58.14628601074219,118383.0
2023-06-30,4.855599880218506,26.42154884338379,24.79958152770996,57.001285552978516,118087.0
2023-07-03,4.784200191497803,26.940305709838867,25.261478424072266,58.78535079956055,119673.0
2023-07-04,4.80649995803833,26.772855758666992,25.32026481628418,58.49244689941406,119076.0
2023-07-05,4.839900016784668,27.005422592163086,25.286670684814453,57.977638244628906,119549.0
2023-07-06,4.8471999168396,26.605405807495117,24.900360107421875,57.56047058105469,117426.0
2023-07-07,4.918700218200684,27.10774803161621,24.77438735961914,58.101905822753906,118898.0
2023-07-10,4.8709001541137695,26.931001663208008,24.816375732421875,57.21430969238281,117942.0
2023-07-11,4.898200035095215,26.45656967163086,24.480451583862305,59.096012115478516,117220.0
2023-07-12,4.851500034332275,26.29842758178711,24.497249603271484,59.51318359375,117666.0
2023-07-13,4.81689977645874,26.58680534362793,24.883562088012695,60.8978271484375,119264.0
2023-07-14,4.7947998046875,26.307727813720703,24.396472930908203,60.8978271484375,117711.0
2023-07-17,4.788099765777588,26.819366455078125,24.346084594726562,60.22324752807617,118219.0
2023-07-18,4.805799961090088,26.29842758178711,24.211715698242188,59.841583251953125,117841.0
2023-07-19,4.809299945831299,26.019346237182617,24.438465118408203,59.68181228637695,117552.0
2023-07-20,4.789899826049805,26.503080368041992,24.463655471801758,59.81495666503906,118083.0
2023-07-21,4.796899795532227,26.977514266967773,24.925554275512695,60.17887878417969,120217.0
2023-07-24,4.777400016784668,26.549596786499023,25.446231842041016,61.99843978881836,121342.0
2023-07-25,4.725500106811523,26.605405807495117,26.034101486206055,63.915645599365234,122008.0
2023-07-26,4.748899936676025,26.754253387451172,26.034101486206055,63.693748474121094,122560.0
2023-07-27,4.736199855804443,26.15888786315918,24.682010650634766,62.504371643066406,119990.0
2023-07-28,4.741600036621094,26.549596786499023,24.99273681640625,60.02797317504883,120187.0
2023-07-31,4.723299980163574,26.642620086669922,26.126483917236328,61.38600158691406,121943.0
2023-08-01,4.724699974060059,26.72420883178711,25.698179244995117,60.53390121459961,121248.0
2023-08-02,4.791999816894531,26.640432357788086,25.639392852783203,59.54867935180664,120859.0
2023-08-03,4.810400009155273,26.43564796447754,25.966915130615234,59.921470642089844,120586.0
2023-08-04,4.916399955749512,25.951614379882812,25.194292068481445,59.96584701538086,119508.0
2023-08-07,4.88539981842041,25.746829986572266,25.353858947753906,60.267635345458984,119380.0
2023-08-08,4.89900016784668,25.690982818603516,25.37904930114746,59.87709045410156,119090.0
2023-08-09,4.898600101470947,25.597896575927734,25.580604553222656,59.335655212402344,118409.0
2023-08-10,4.901700019836426,25.681676864624023,25.723371505737305,58.63446044921875,118350.0
2023-08-11,4.891499996185303,25.72821617126465,25.66458511352539,58.14628601074219,118065.0
2023-08-14,4.910999774932861,25.35588264465332,25.731769561767578,56.5995979309082,116810.0
2023-08-15,4.962100028991699,25.216259002685547,25.916528701782227,56.041831970214844,116171.0
2023-08-16,4.9832000732421875,25.19764518737793,26.487600326538086,55.82238006591797,115592.0
2023-08-17,4.9868998527526855,24.8997745513916,26.40361785888672,56.608741760253906,114982.0
2023-08-18,4.975500106811523,25.095251083374023,26.47080421447754,55.97782897949219,115409.0
2023-08-21,4.966899871826172,24.992860794067383,26.286043167114258,56.05097579956055,114429.0
2023-08-22,4.978700160980225,25.383811950683594,26.686477661132812,57.221370697021484,116156.0
2023-08-23,4.937099933624268,25.700288772583008,28.107547760009766,57.64198303222656,118135.0
2023-08-24,4.855100154876709,25.402429580688477,28.063955307006836,56.87390899658203,117026.0
2023-08-25,4.880300045013428,25.00217056274414,27.87215232849121,56.75503921508789,115837.0
2023-08-28,4.8703999519348145,25.849225997924805,28.186012268066406,57.56883239746094,117121.0
2023-08-29,4.872600078582764,26.258790969848633,28.247037887573242,59.40672302246094,118404.0
2023-08-30,4.85129976272583,25.756141662597656,28.4388370513916,59.41586685180664,117535.0
2023-08-31,4.888400077819824,25.53274154663086,27.84600257873535,59.507301330566406,115742.0
2023-09-01,4.953800201416016,25.754093170166016,28.44755744934082,62.99105453491211,117893.0
2023-09-04,4.97629976272583,25.521238327026367,28.151138305664062,63.4573860168457,117777.0
2023-09-05,4.936200141906738,25.13934898376465,29.09270477294922,63.183067321777344,117331.0
2023-09-06,4.966700077056885,24.897180557250977,29.223480224609375,62.168121337890625,115985.0
2023-09-07,4.9770002365112305,,,,
2023-09-08,4.976099967956543,24.93443489074707,29.118858337402344,60.99772644042969,115313.0
2023-09-11,4.982999801635742,25.567813873291016,29.09270477294922,61.875518798828125,116883.0
2023-09-12,4.9293999671936035,25.716838836669922,29.232194900512695,61.82979965209961,117968.0
2023-09-13,4.946599960327148,25.847238540649414,28.796283721923828,61.592063903808594,118176.0
2023-09-14,4.91540002822876,25.74478530883789,29.528614044189453,64.11573028564453,119392.0
2023-09-15,4.868199825286865,25.68889617919922,29.546052932739258,63.585391998291016,118758.0
2023-09-18,4.867000102996826,25.62369728088379,29.755292892456055,62.83561706542969,118288.0
2023-09-19,4.853700160980225,25.547788619995117,29.825037002563477,62.954471588134766,117846.0
2023-09-20,4.865799903869629,25.98048210144043,29.8947811126709,63.37508773803711,118695.0
2023-09-21,4.878799915313721,25.38787841796875,29.432716369628906,61.72007751464844,116145.0
2023-09-22,4.934899806976318,25.322031021118164,29.66810417175293,62.177268981933594,116009.0
2023-09-25,4.933899879455566,25.39728546142578,29.859909057617188,60.89714813232422,115925.0
2023-09-26,4.968299865722656,25.021028518676758,29.17116928100586,59.946197509765625,114193.0
2023-09-27,4.986199855804443,24.9739933013916,30.09530258178711,60.0742073059082,114327.0
2023-09-28,5.042200088500977,25.6324462890625,30.034271240234375,60.98857879638672,115731.0
2023-09-29,5.032800197601318,25.594816207885742,30.199918746948242,61.793235778808594,116565.0
2023-10-02,5.042799949645996,25.3572940826416,29.746570587158203,61.253746032714844,115057.0
2023-10-03,5.061500072479248,25.037269592285156,29.615800857543945,60.87885665893555,113419.0
2023-10-04,5.166299819946289,25.61142921447754,28.4388370513916,60.22965621948242,113607.0
2023-10-05,5.154600143432617,26.01616668701172,28.534740447998047,60.257080078125,113284.0
2023-10-06,5.164999961853027,26.260894775390625,29.214759826660156,61.134883880615234,114170.0
2023-10-09,5.145699977874756,26.034996032714844,30.470184326171875,60.695980072021484,115156.0
2023-10-10,5.135200023651123,26.006757736206055,30.696857452392578,61.06173324584961,116737.0
2023-10-11,5.051000118255615,26.33619499206543,30.618392944335938,61.592063903808594,117051.0
2023-10-12,5.049600124359131,,,,
2023-10-13,5.045899868011475,26.063232421875,31.629703521728516,60.887996673583984,115754.0
2023-10-16,5.0482001304626465,26.100881576538086,31.978437423706055,61.537208557128906,116534.0
2023-10-17,5.037600040435791,25.7149658203125,32.84153747558594,62.04010772705078,115908.0
2023-10-18,5.037399768829346,25.178457260131836,33.58258819580078,59.76332473754883,114060.0
2023-10-19,5.056099891662598,25.470245361328125,33.4256591796875,58.90381622314453,114004.0
2023-10-20,5.062900066375732,25.376115798950195,32.99846649169922,57.31281280517578,113155.0
2023-10-23,5.031300067901611,25.404356002807617,30.818910598754883,57.20308303833008,112785.0
2023-10-24,5.01230001449585,25.404356002807617,31.280977249145508,58.51063919067383,113762.0
2023-10-25,4.991000175476074,25.4514217376709,31.446626663208008,58.45576858520508,112830.0
2023-10-26,4.994699954986572,26.082054138183594,31.124052047729492,59.70846176147461,114777.0
2023-10-27,4.985300064086914,25.696144104003906,30.897375106811523,61.78408432006836,113301.0
2023-10-30,4.952030181884766,25.48906898498535,30.58352279663086,62.34185028076172,112532.0
2023-10-31,5.04610013961792,25.244342803955078,30.28710174560547,63.091636657714844,113144.0
2023-11-01,5.03410005569458,25.60004234313965,30.618392944335938,64.2986068725586,115053.0
2023-11-02,4.953700065612793,,,,
2023-11-03,4.952899932861328,26.306446075439453,30.984560012817383,65.10325622558594,118160.0
2023-11-06,4.899199962615967,26.551332473754883,30.95840072631836,65.37757110595703,118487.0
2023-11-07,4.884099960327148,27.295408248901367,30.44403076171875,64.07915496826172,119268.0
2023-11-08,4.871500015258789,27.41785430908203,29.7901611328125,64.1248779296875,119099.0
2023-11-09,4.909299850463867,27.540292739868164,30.409156799316406,64.43576049804688,119012.0
2023-11-10,4.933899879455566,27.869949340820312,30.26966667175293,65.42329406738281,120636.0
2023-11-13,4.893379211425781,27.681575775146484,31.115331649780273,65.28612518310547,120376.0
2023-11-14,4.906199932098389,28.095998764038086,31.542522430419922,67.30689239501953,123328.0
2023-11-15,4.864500045776367,,,,
2023-11-16,4.860899925231934,28.548099517822266,30.9932804107666,67.75492858886719,124576.0
2023-11-17,4.862199783325195,28.67995834350586,32.00458908081055,67.88294219970703,125062.0
2023-11-20,4.819177150726318,28.9625186920166,32.03074645996094,69.5470962524414,126095.0
2023-11-21,4.851799964904785,28.91542625427246,31.699451446533203,71.22953796386719,125607.0
2023-11-22,4.8993000984191895,29.094379425048828,31.854604721069336,69.12017059326172,126035.0
2023-11-23,4.9054999351501465,29.056705474853516,31.86366081237793,68.68614959716797,126576.0
2023-11-24,4.902500152587891,28.896589279174805,31.954261779785156,68.10437774658203,125542.0
2023-11-27,4.900899887084961,28.821239471435547,31.7730655670166,67.69805908203125,125683.0
2023-11-28,4.895500183105469,29.103803634643555,32.253238677978516,67.84580993652344,126538.0
2023-11-29,4.869800090789795,29.301591873168945,31.918020248413086,67.82734680175781,126101.0
2023-11-30,4.904099941253662,29.753690719604492,32.53409194946289,68.19672393798828,127331.0
2023-12-01,4.923099994659424,29.68550682067871,32.316654205322266,69.46184539794922,128103.0
2023-12-04,4.902159214019775,29.723207473754883,31.62810516357422,67.9012222290039,126803.0
2023-12-05,4.9430999755859375,29.968223571777344,31.483144760131836,67.27327728271484,126903.0
2023-12-06,4.927700042724609,29.70435333251953,30.350658416748047,66.83002471923828,125623.0
2023-12-07,4.901199817657471,30.034183502197266,30.27817726135254,67.04241180419922,126010.0
2023-12-08,4.910099983215332,30.414121627807617,31.24759292602539,67.22710418701172,127094.0
2023-12-11,4.893286228179932,30.205150604248047,31.129812240600586,67.28250885009766,126916.0
2023-12-12,4.936699867248535,30.053178787231445,30.87613296508789,67.40255737304688,126403.0
2023-12-13,4.9644999504089355,30.965036392211914,31.320070266723633,67.41178894042969,129465.0
2023-12-14,4.918399810791016,31.221487045288086,31.999563217163086,67.78117370605469,130842.0
2023-12-15,4.914599895477295,31.088512420654297,32.072044372558594,68.20596313476562,130197.0
2023-12-18,4.919657230377197,31.240478515625,32.47067642211914,68.52915954589844,131084.0
2023-12-19,4.895899772644043,31.259489059448242,32.842132568359375,69.00936126708984,131851.0
2023-12-20,4.866499900817871,30.936538696289062,32.95991134643555,68.78772735595703,130804.0
2023-12-21,4.914599895477295,31.145505905151367,32.96896743774414,71.07788848876953,132182.0
2023-12-22,4.881800174713135,31.63942527770996,33.286067962646484,70.54228210449219,132753.0
2023-12-25,4.86984395980835,,,,
2023-12-26,4.869743824005127,31.96237564086914,33.82060623168945,70.79161834716797,133533.0
2023-12-27,4.813499927520752,32.18083572387695,33.8477783203125,71.47496795654297,134194.0
2023-12-28,4.826099872589111,32.266326904296875,33.73906326293945,71.29027557373047,134185.0
2023-12-29,4.850200176239014,,,,
2024-01-01,4.850500106811523,,,,
2024-01-02,4.852399826049805,31.85544204711914,34.22829818725586,71.15176391601562,132697.0
2024-01-03,4.922500133514404,31.50381851196289,35.29736328125,70.78237915039062,132834.0
2024-01-04,4.9191999435424805,31.294742584228516,34.99838638305664,69.83123016357422,131226.0
2024-01-05,4.895599842071533,32.02650833129883,35.079925537109375,68.93548583984375,132023.0
2024-01-08,4.8606672286987305,31.68437957763672,34.81719207763672,68.5845718383789,132427.0
2024-01-09,4.86899995803833,31.665376663208008,34.51821517944336,67.7165298461914,131447.0
2024-01-10,4.905099868774414,31.63686752319336,34.20111846923828,66.70073699951172,130841.0
2024-01-11,4.89139986038208,31.693885803222656,34.49103546142578,67.05165100097656,130649.0
2024-01-12,4.869699954986572,31.73189353942871,34.58163070678711,66.20207977294922,130988.0
2024-01-15,4.85290002822876,31.788915634155273,34.95309066772461,66.07279205322266,131521.0
2024-01-16,4.862199783325195,31.342260360717773,34.51821517944336,65.2139892578125,129294.0
2024-01-17,4.924900054931641,31.361265182495117,34.31889724731445,64.04119873046875,128524.0
2024-01-18,4.934000015258789,31.228214263916016,34.18299865722656,63.717994689941406,127316.0
2024-01-19,4.92609977722168,31.30424690246582,34.001800537109375,62.88689041137695,127636.0
2024-01-22,4.904642105102539,30.791061401367188,34.155818939208984,62.609859466552734,126602.0
2024-01-23,4.98829984664917,30.93361473083496,34.58163070678711,63.90268325805664,128263.0
2024-01-24,4.952199935913086,30.791061401367188,34.31889724731445,64.5490951538086,127816.0
2024-01-25,4.932499885559082,30.724538803100586,35.5872802734375,62.96076583862305,128169.0
2024-01-26,4.915800094604492,31.180700302124023,36.20335388183594,64.17971801757812,128967.0
2024-01-29,4.913599967956543,31.01914405822754,36.75600814819336,63.874977111816406,128503.0
2024-01-30,4.950200080871582,30.819570541381836,36.529510498046875,63.514835357666016,127402.0
2024-01-31,4.950300216674805,31.15218734741211,36.92814254760742,62.57291793823242,127752.0
2024-02-01,4.951900005340576,31.083396911621094,37.6619987487793,62.28664779663086,128481.0
2024-02-02,4.914999961853027,31.130935668945312,37.17276382446289,61.02152633666992,127182.0
2024-02-05,4.932938098907471,31.72046661376953,37.33584213256836,60.49515914916992,127593.0
2024-02-06,4.9499430656433105,33.0801887512207,37.680118560791016,61.56635665893555,130416.0
2024-02-07,4.962299823760986,32.84247589111328,38.2327766418457,61.68640899658203,129608.0
2024-02-08,4.969299793243408,32.19589614868164,37.92473220825195,61.141571044921875,128217.0
2024-02-09,4.9918999671936035,32.60476303100586,37.417381286621094,60.87377166748047,128026.0
2024-02-12,4.953100204467773,,,,
2024-02-13,4.952199935913086,,,,
2024-02-14,4.952000141143799,32.60476303100586,37.13652420043945,60.689083099365234,127018.0
2024-02-15,4.968299865722656,32.8805046081543,38.32337188720703,60.49515914916992,127804.0
2024-02-16,4.972400188446045,32.84247589111328,38.67670440673828,62.7945442199707,128726.0
2024-02-19,4.965099811553955,33.203800201416016,38.866966247558594,62.32358169555664,129036.0
2024-02-20,4.956399917602539,33.92644119262695,38.45927047729492,60.956886291503906,129916.0
2024-02-21,4.926400184631348,33.73627853393555,38.51362609863281,61.41860580444336,130032.0
2024-02-22,4.934899806976318,33.5449104309082,38.22370910644531,62.07426071166992,130241.0
2024-02-23,4.962399959564209,33.64310836791992,37.96097946166992,62.222007751464844,129419.0
2024-02-26,4.993500232696533,33.74131393432617,38.67670440673828,60.7167854309082,129609.0
2024-02-27,4.978899955749512,34.15374755859375,38.622344970703125,62.31435775756836,131689.0
2024-02-28,4.932400226593018,34.17338180541992,36.62916946411133,61.63099670410156,130155.0
2024-02-29,4.967299938201904,33.32887268066406,36.366432189941406,61.86185836791992,129020.0
2024-03-01,4.969799995422363,33.47393798828125,36.402671813964844,61.76028060913086,129180.0
2024-03-04,4.952700138092041,33.21848678588867,36.312076568603516,61.621768951416016,128341.0
2024-03-05,4.944900035858154,33.18900680541992,36.20335388183594,60.80912780761719,128098.0
2024-03-06,4.957099914550781,33.55254364013672,37.00062561035156,61.640235900878906,128890.0
2024-03-07,4.943600177764893,33.19884490966797,36.59292984008789,61.42783737182617,128340.0
2024-03-08,4.933800220489502,33.50341796875,33.24982833862305,60.956886291503906,127071.0
2024-03-11,4.977540016174316,33.670440673828125,32.29854202270508,59.06380844116211,126124.0
2024-03-12,4.977399826049805,33.8079833984375,33.35854721069336,58.695804595947266,127668.0
2024-03-13,4.968699932098389,34.14204406738281,32.95991134643555,59.07205581665039,128006.0
2024-03-14,4.969200134277344,34.12239074707031,32.81495666503906,58.319549560546875,127690.0
2024-03-15,4.992700099945068,33.93571472167969,32.90555191040039,57.653865814208984,126742.0
2024-03-18,4.968047142028809,34.07326889038086,32.92367172241211,58.75368881225586,126954.0
2024-03-19,5.029399871826172,34.12239074707031,32.679054260253906,59.23606872558594,127529.0
2024-03-20,5.03000020980835,34.191162109375,33.24982833862305,59.63161849975586,129125.0
2024-03-21,4.96619987487793,33.837459564208984,32.34383773803711,59.48690414428711,128159.0
2024-03-22,4.9745001792907715,33.364315032958984,32.66093444824219,58.80192565917969,127027.0
2024-03-25,5.000899791717529,33.364315032958984,33.15922546386719,58.67650604248047,126931.0
2024-03-26,4.9721999168396,34.02723693847656,32.85118865966797,57.93364334106445,126863.0
2024-03-27,4.9756999015808105,34.21523666381836,33.113929748535156,58.46426010131836,127691.0
2024-03-28,4.990300178527832,34.27460479736328,33.8477783203125,58.6861572265625,128106.0
2024-03-29,5.014100074768066,,,,
2024-04-01,5.013199806213379,33.104129791259766,34.11051940917969,59.06241226196289,126990.0
2024-04-02,5.053599834442139,33.14372253417969,34.98932647705078,59.75703430175781,127549.0
2024-04-03,5.0644001960754395,32.896236419677734,34.80812454223633,58.898399353027344,127318.0
2024-04-04,5.038599967956543,32.460662841796875,34.40949630737305,58.242366790771484,127428.0
2024-04-05,5.057400226593018,32.40126037597656,34.51821517944336,57.60562515258789,126795.0
2024-04-08,5.054900169372559,32.8863410949707,34.99838638305664,60.750736236572266,128857.0
2024-04-09,5.023900032043457,33.23282241821289,35.0889892578125,60.34553527832031,129890.0
2024-04-10,5.007599830627441,32.52995681762695,35.86813735961914,59.42901611328125,128054.0
2024-04-11,5.066199779510498,32.47055435180664,35.60540008544922,59.67985534667969,127396.0
2024-04-12,5.090400218963623,32.133975982666016,35.27924346923828,59.45796203613281,125946.0
2024-04-15,5.117099761962891,31.589496612548828,35.614463806152344,59.805274963378906,125334.0
2024-04-16,5.183700084686279,31.35190773010254,35.77754211425781,59.274654388427734,124389.0
2024-04-17,5.2855000495910645,31.371706008911133,36.04027557373047,59.921043395996094,124171.0
2024-04-18,5.232600212097168,31.411304473876953,36.10369110107422,60.14293670654297,124196.0
2024-04-19,5.241700172424316,31.233112335205078,36.71976852416992,61.126991271972656,125124.0
2024-04-22,5.206200122833252,31.213314056396484,37.598575592041016,61.09804916381836,125573.0
2024-04-23,5.1656999588012695,31.6785945892334,37.526100158691406,60.56742858886719,125148.0
2024-04-24,5.130499839782715,31.53999900817871,37.35395812988281,61.319942474365234,124741.0
2024-04-25,5.145500183105469,31.361804962158203,38.250892639160156,60.02716827392578,124646.0
2024-04-26,5.158599853515625,31.88648796081543,38.79110336303711,60.02716827392578,126526.0
2024-04-29,5.115499973297119,31.638992309570312,39.25678634643555,61.6479606628418,127352.0
2024-04-30,5.117000102996826,31.045021057128906,39.135704040527344,61.0594596862793,125924.0
2024-05-01,5.193900108337402,,,,
2024-05-02,5.194399833679199,31.498329162597656,39.28472137451172,61.66725158691406,127122.0
2024-05-03,5.110300064086914,31.8945369720459,38.78498077392578,61.73478698730469,128509.0
2024-05-06,5.070899963378906,32.0926399230957,39.04750442504883,61.9180908203125,128466.0
2024-05-07,5.074900150299072,32.756282806396484,39.523929595947266,62.303993225097656,129210.0
2024-05-08,5.073299884796143,32.964290618896484,40.12675476074219,61.73478698730469,129481.0
2024-05-09,5.087900161743164,31.973777770996094,40.51567077636719,62.2364616394043,128188.0
2024-05-10,5.1407999992370605,32.34027099609375,40.42816925048828,62.02421569824219,127600.0
2024-05-13,5.123260021209717,32.736473083496094,40.46705627441406,62.39081954956055,128155.0
2024-05-14,5.154200077056885,33.09305953979492,39.73783493041992,62.352230072021484,128515.0
2024-05-15,5.127799987792969,33.003910064697266,37.33625793457031,62.16893005371094,128028.0
2024-05-16,5.133600234985352,32.90486145019531,36.247283935546875,62.62236785888672,128284.0
2024-05-17,5.128600120544434,32.91476058959961,35.67362594604492,63.84760284423828,128151.0
2024-05-20,5.1020002365112305,32.815711975097656,35.731964111328125,63.81866455078125,127751.0
2024-05-21,5.103099822998047,32.64732360839844,35.66390609741211,63.63535690307617,127412.0
2024-05-22,5.1219000816345215,32.14216613769531,36.150054931640625,63.13368606567383,125650.0
2024-05-23,5.151100158691406,31.85491943359375,35.790306091308594,62.75743103027344,124729.0
2024-05-24,5.143099784851074,31.5478572845459,35.59584426879883,62.786373138427734,124306.0
2024-05-27,5.1697998046875,31.438899993896484,35.98476028442383,62.99862289428711,124496.0
2024-05-28,5.1717000007629395,31.270511627197266,36.75287628173828,61.638309478759766,123780.0
2024-05-29,5.161300182342529,31.052600860595703,36.70426559448242,61.0112190246582,122707.0
2024-05-30,5.202099800109863,,,,
2024-05-31,5.202099800109863,30.73563575744629,37.7154541015625,60.97262954711914,122098.0
2024-06-03,5.2444000244140625,31.16938018798828,37.51127243041992,59.68950271606445,122032.0
2024-06-04,5.249000072479248,31.278398513793945,37.09318542480469,59.08170700073242,121802.0
2024-06-05,5.287700176239014,31.21893310546875,37.14179992675781,58.242366790771484,121407.0
2024-06-06,5.3003997802734375,31.615365982055664,37.31681442260742,59.05276107788086,122899.0
2024-06-07,5.2571001052856445,31.16938018798828,35.91670227050781,58.28095626831055,120767.0
2024-06-10,5.270441055297852,30.92160987854004,36.46118927001953,58.91769790649414,120760.0
2024-06-11,5.352799892425537,31.26848602294922,36.616756439208984,58.830867767333984,121635.0
2024-06-12,5.3649001121521,31.21893310546875,35.81999969482422,58.02047348022461,119936.0
2024-06-13,5.401000022888184,30.891878128051758,35.459999084472656,58.6861572265625,119568.0
2024-06-14,5.361599922180176,30.862146377563477,34.68000030517578,58.48355484008789,119662.0
2024-06-17,5.3572001457214355,31.615365982055664,34.810001373291016,58.25201416015625,119138.0
2024-06-18,5.423999786376953,31.595542907714844,35.900001525878906,58.52214813232422,119630.0
2024-06-19,5.439899921417236,31.84331512451172,35.93000030517578,58.705448150634766,120261.0
2024-06-20,5.422399997711182,31.625274658203125,36.5,59.23606872558594,120446.0
2024-06-21,5.452400207519531,31.846038818359375,36.689998626708984,58.6861572265625,121341.0
2024-06-24,5.426126003265381,32.30554962158203,37.060001373291016,58.75368881225586,122637.0
2024-06-25,5.3892998695373535,32.40544128417969,37.029998779296875,58.51250076293945,122331.0
2024-06-26,5.450699806213379,32.34550857543945,37.09000015258789,59.23606872558594,122641.0
2024-06-27,5.522500038146973,32.40544128417969,37.709999084472656,59.39043045043945,124308.0
2024-06-28,5.500500202178955,32.37547302246094,38.04999923706055,60.02716827392578,123907.0
2024-07-01,5.591899871826172,32.22320556640625,38.630001068115234,60.91474151611328,124718.0
2024-07-02,5.65500020980835,32.64298629760742,38.5099983215332,60.7121467590332,124787.0
2024-07-03,5.67549991607666,32.8428840637207,37.84000015258789,61.9180908203125,125662.0
2024-07-04,5.5553998947143555,32.89285659790039,37.31999969482422,61.60936737060547,126164.0
2024-07-05,,32.912845611572266,37.52000045776367,61.3585319519043,126267.0
2024-07-08,5.471290111541748,32.852874755859375,38.439998626708984,60.87615203857422,126548.0
2024-07-09,5.470399856567383,33.08275604248047,38.43000030517578,60.798973083496094,127108.0
2024-07-10,5.417099952697754,33.43257522583008,38.06999969482422,59.97892761230469,127218.0
2024-07-11,5.414700031280518,33.63247299194336,38.33000183105469,59.82456588745117,128294.0
2024-07-12,5.438000202178955,33.442569732666016,38.150001525878906,60.70249557495117,128897.0
2024-07-15,5.422800064086914,33.57250213623047,38.5,60.7700309753418,129321.0
2024-07-16,5.446800231933594,33.77239990234375,38.400001525878906,60.13329315185547,129110.0
2024-07-17,5.424300193786621,34.14220428466797,38.599998474121094,59.57373046875,129450.0
2024-07-18,5.48769998550415,33.9822883605957,38.529998779296875,59.0141716003418,127652.0
2024-07-19,5.5432000160217285,34.242149353027344,38.689998626708984,58.96593475341797,127616.0
2024-07-22,5.520872116088867,34.222164154052734,37.91999816894531,58.898399353027344,127860.0
2024-07-23,5.570700168609619,34.17218780517578,37.43000030517578,58.1072998046875,126590.0
2024-07-24,5.585299968719482,34.122215270996094,37.72999954223633,58.46426010131836,126423.0
2024-07-25,5.653600215911865,33.972293853759766,37.68000030517578,58.43531799316406,125954.0
2024-07-26,5.643099784851074,34.222164154052734,37.63999938964844,59.3036003112793,127492.0
2024-07-29,5.622840881347656,34.4720344543457,36.880001068115234,59.409725189208984,126954.0
2024-07-30,5.614500045776367,34.34210205078125,36.650001525878906,58.09765625,126139.0
2024-07-31,5.611100196838379,33.86235046386719,37.40999984741211,59.45796203613281,127652.0
2024-08-01,5.656599998474121,33.369998931884766,36.84000015258789,58.12659454345703,127395.0
2024-08-02,5.7505998611450195,32.95000076293945,35.72999954223633,57.316200256347656,125854.0
2024-08-05,5.7266998291015625,32.95000076293945,35.70000076293945,57.02000045776367,125270.0
2024-08-06,5.720900058746338,33.68000030517578,36.31999969482422,57.310001373291016,126267.0
2024-08-07,5.6554999351501465,33.77000045776367,36.27000045776367,57.20000076293945,127514.0
2024-08-08,5.635799884796143,33.650001525878906,36.849998474121094,56.849998474121094,128661.0
2024-08-09,5.54610013961792,34.560001373291016,36.5099983215332,57.060001373291016,130615.0
2024-08-12,5.50629997253418,34.61000061035156,37.34000015258789,56.77000045776367,131116.0
2024-08-13,5.4918999671936035,35.59000015258789,37.11000061035156,56.52000045776367,132398.0
2024-08-14,5.455699920654297,36.470001220703125,37.7599983215332,56.0,133318.0
